<?xml version="1.0" encoding="UTF-8"?>
<project-private xmlns="http://www.netbeans.org/ns/project-private/1">
    <editor-bookmarks xmlns="http://www.netbeans.org/ns/editor-bookmarks/2" lastBookmarkId="0"/>
    <open-files xmlns="http://www.netbeans.org/ns/projectui-open-files/2">
        <group>
            <file>file:/C:/Users/Jucibs/CursosMinistrados/IFAM/JavaBasico_Tecnico/ProjFormNetbeans/ExemploComBD/src/br/edu/ifam/modelo/ContaReceber.java</file>
            <file>file:/C:/Users/Jucibs/CursosMinistrados/IFAM/JavaBasico_Tecnico/ProjFormNetbeans/ExemploComBD/src/br/edu/ifam/modelo/ContatoDao.java</file>
            <file>file:/C:/Users/Jucibs/CursosMinistrados/IFAM/JavaBasico_Tecnico/ProjFormNetbeans/ExemploComBD/src/br/edu/ifam/visao/ContatoJFrame.java</file>
            <file>file:/C:/Users/Jucibs/CursosMinistrados/IFAM/JavaBasico_Tecnico/ProjFormNetbeans/ExemploComBD/src/br/edu/ifam/teste/TestaDao.java</file>
            <file>file:/C:/Users/Jucibs/CursosMinistrados/IFAM/JavaBasico_Tecnico/ProjFormNetbeans/ExemploComBD/src/br/edu/ifam/jdbc/ConnectionFactory.java</file>
            <file>file:/C:/Users/Jucibs/CursosMinistrados/IFAM/JavaBasico_Tecnico/ProjFormNetbeans/ExemploComBD/src/br/edu/ifam/modelo/Contato.java</file>
        </group>
    </open-files>
</project-private>
